{"dblp": {"ppr": {"job_202101080050_0025": {"HWM": 4821.47, "workerCount": 4, "RSS": 954.1700000000001}, "job_202101080050_0024": {"HWM": 4899.71, "workerCount": 4, "RSS": 527.0}, "job_202101080050_0027": {"HWM": 3343.92, "workerCount": 8, "RSS": 78.02999999999997}, "job_202101080050_0026": {"HWM": 5823.530000000001, "workerCount": 4, "RSS": 1780.2600000000002}, "job_202101080050_0007": {"HWM": 4434.26, "workerCount": 1, "RSS": 399.4899999999998}, "job_202101080050_0020": {"HWM": 2927.77, "workerCount": 4, "RSS": 118.87}, "job_202101080050_0023": {"HWM": 3416.18, "workerCount": 4, "RSS": 322.13}, "job_202101080050_0022": {"HWM": 3797.43, "workerCount": 4, "RSS": 205.81999999999994}, "job_202101080050_0009": {"HWM": 4881.37, "workerCount": 1, "RSS": 560.45}, "job_202101080050_0008": {"HWM": 4068.26, "workerCount": 1, "RSS": 453.22}, "job_202101080050_0029": {"HWM": 3574.52, "workerCount": 8, "RSS": 160.29999999999995}, "job_202101080050_0028": {"HWM": 2093.4, "workerCount": 8, "RSS": 104.95999999999998}, "job_202101080050_0021": {"HWM": 2757.07, "workerCount": 4, "RSS": 149.36}, "job_202101080050_0019": {"HWM": 6810.68, "workerCount": 2, "RSS": 1848.4300000000003}, "job_202101080050_0032": {"HWM": 4706.4400000000005, "workerCount": 8, "RSS": 911.8400000000001}, "job_202101080050_0018": {"HWM": 5008.97, "workerCount": 2, "RSS": 1018.8199999999999}, "job_202101080050_0033": {"HWM": 5863.68, "workerCount": 8, "RSS": 1758.5299999999997}, "job_202101080050_0030": {"HWM": 3737.12, "workerCount": 8, "RSS": 273.51}, "job_202101080050_0031": {"HWM": 3638.29, "workerCount": 8, "RSS": 481.22}, "job_202101080050_0014": {"HWM": 4742.53, "workerCount": 2, "RSS": 235.58999999999992}, "job_202101080050_0015": {"HWM": 4252.22, "workerCount": 2, "RSS": 284.51}, "job_202101080050_0016": {"HWM": 4659.0, "workerCount": 2, "RSS": 391.03999999999996}, "job_202101080050_0017": {"HWM": 4921.8099999999995, "workerCount": 2, "RSS": 600.06}, "job_202101080050_0010": {"HWM": 4863.29, "workerCount": 1, "RSS": 769.7}, "job_202101080050_0011": {"HWM": 5696.82, "workerCount": 1, "RSS": 1185.0700000000002}, "job_202101080050_0012": {"HWM": 5338.08, "workerCount": 1, "RSS": 2025.4499999999998}, "job_202101080050_0013": {"HWM": 4926.08, "workerCount": 2, "RSS": 204.3699999999999}, "job_202101080050_0006": {"HWM": 4346.73, "workerCount": 1, "RSS": 369.8800000000001}}, "sssp": {}}, "web_stanford": {"ppr": {"job_202101080050_0120": {"HWM": 3187.2799999999997, "workerCount": 2, "RSS": 176.51999999999998}, "job_202101080050_0121": {"HWM": 3002.54, "workerCount": 2, "RSS": 270.4100000000001}, "job_202101080050_0122": {"HWM": 3986.9, "workerCount": 2, "RSS": 449.79999999999995}, "job_202101080050_0123": {"HWM": 4497.12, "workerCount": 2, "RSS": 791.9499999999998}, "job_202101080050_0124": {"HWM": 1954.75, "workerCount": 4, "RSS": 62.97000000000003}, "job_202101080050_0125": {"HWM": 2154.99, "workerCount": 4, "RSS": 72.25999999999999}, "job_202101080050_0126": {"HWM": 3339.82, "workerCount": 4, "RSS": 101.02999999999997}, "job_202101080050_0127": {"HWM": 3151.82, "workerCount": 4, "RSS": 156.51999999999998}, "job_202101080050_0128": {"HWM": 4733.08, "workerCount": 4, "RSS": 244.6199999999999}, "job_202101080050_0129": {"HWM": 4250.58, "workerCount": 4, "RSS": 478.5899999999999}, "job_202101080050_0119": {"HWM": 2845.02, "workerCount": 2, "RSS": 135.45000000000005}, "job_202101080050_0118": {"HWM": 3271.58, "workerCount": 2, "RSS": 118.72000000000003}, "job_202101080050_0111": {"HWM": 2609.23, "workerCount": 1, "RSS": 201.59000000000015}, "job_202101080050_0110": {"HWM": 3381.76, "workerCount": 1, "RSS": 181.05999999999995}, "job_202101080050_0113": {"HWM": 2457.33, "workerCount": 1, "RSS": 256.18000000000006}, "job_202101080050_0112": {"HWM": 3257.89, "workerCount": 1, "RSS": 219.6500000000001}, "job_202101080050_0115": {"HWM": 3217.51, "workerCount": 1, "RSS": 519.3800000000001}, "job_202101080050_0114": {"HWM": 2740.01, "workerCount": 1, "RSS": 344.6700000000001}, "job_202101080050_0117": {"HWM": 4378.34, "workerCount": 2, "RSS": 105.0}, "job_202101080050_0116": {"HWM": 4759.11, "workerCount": 1, "RSS": 872.6500000000001}, "job_202101080050_0137": {"HWM": 5166.59, "workerCount": 8, "RSS": 843.48}, "job_202101080050_0136": {"HWM": 4318.9400000000005, "workerCount": 8, "RSS": 512.19}, "job_202101080050_0135": {"HWM": 3633.5299999999997, "workerCount": 8, "RSS": 300.03999999999996}, "job_202101080050_0134": {"HWM": 2456.39, "workerCount": 8, "RSS": 162.51999999999998}, "job_202101080050_0133": {"HWM": 3292.1, "workerCount": 8, "RSS": 94.53999999999996}, "job_202101080050_0132": {"HWM": 1757.28, "workerCount": 8, "RSS": 56.04000000000002}, "job_202101080050_0131": {"HWM": 1308.2, "workerCount": 8, "RSS": 43.69999999999999}, "job_202101080050_0130": {"HWM": 4849.2, "workerCount": 4, "RSS": 772.77}}, "sssp": {}}}