{
    "dblp": {
        "ppr": {
            "1": {
                "HWM": [
                    1078554.216883791, 
                    0.2005699361616547, 
                    2965043.6694807247
                ], 
                "RSS": [
                    13774.14913070307, 
                    0.9947808961886828, 
                    354101.8023058215
                ]
            }, 
            "2": {
                "HWM": [
                    10.684797426222756, 
                    2.205919745442794, 
                    4766926.243361846
                ], 
                "RSS": [
                    6958.749541443584, 
                    0.9925708869419662, 
                    183401.92760652956
                ]
            }, 
            "4": {
                "HWM": [
                    1833112.4564109766, 
                    0.1879554172494273, 
                    17873.77100122935
                ], 
                "RSS": [
                    4099.755891317267, 
                    0.9689842185193764, 
                    92948.70191574536
                ]
            }, 
            "8": {
                "HWM": [
                    306334.49886557, 
                    0.3710732341253007, 
                    1834458.7487098298
                ], 
                "RSS": [
                    1852.8665009700262, 
                    0.9882617775118078, 
                    51576.63349813587
                ]
            }
        }, 
        "sssp": {}
    }, 
    "web_stanford": {
        "ppr": {
            "1": {
                "HWM": [
                    30672.498715862774, 
                    0.8764315662149718, 
                    2613384.562874773
                ], 
                "RSS": [
                    4977.894510396744, 
                    1.0232260218050975, 
                    180475.60488974545
                ]
            }, 
            "2": {
                "HWM": [
                    1089685.5858319239, 
                    0.2009710669947919, 
                    1409281.7247261095
                ], 
                "RSS": [
                    3012.577987934581, 
                    0.987094792280401, 
                    94301.88877723677
                ]
            }, 
            "4": {
                "HWM": [
                    4884926588.97497, 
                    0.00016123589541149305, 
                    -4884629087.58793
                ], 
                "RSS": [
                    4181.085941014144, 
                    0.8357895118867326, 
                    30941.842552748043
                ]
            }, 
            "8": {
                "HWM": [
                    14301084.312564924, 
                    0.0513327659163112, 
                    -15183849.650218489
                ], 
                "RSS": [
                    4831.165039535294, 
                    0.7498386446224342, 
                    -5383.736901333072
                ]
            }
        }, 
        "sssp": {}
    }
}